,word_count,sentence_count,sentence_length,fraction_sentence_relative,relative_clause_length,alius,antequam,atque_consonant,conjunction,cum_clause,demonstrative,dum,gerundive,idem,interrogative,ipse,iste,o_interjection,personal,preposition,priusquam,quidam,quin,quominus,reflexive,si,superlative,ut
1.182-1.198.txt,113,6,18.833333333333332,0.6666666666666666,5.333333333333333,0.0,0.0,0.0,0.09734513274336283,0.0,0.02654867256637168,0.0,0.017699115044247787,0.008849557522123894,0.008849557522123894,0.0,0.0,0.008849557522123894,0.04424778761061947,0.04424778761061947,0.0,0.0,0.0,0.0,0.0,0.0,0.0,0.0
1.209-1.243.txt,230,17,13.529411764705882,0.29411764705882354,5.5,0.0,0.0,0.0,0.06521739130434782,0.0,0.02608695652173913,0.0,0.004347826086956522,0.017391304347826087,0.0,0.013043478260869565,0.0,0.0,0.008695652173913044,0.034782608695652174,0.0,0.0,0.0,0.0,0.0,0.0,0.0,0.0
1.456-1.462.txt,46,3,15.333333333333334,0.6666666666666666,7.333333333333333,0.0,0.0,0.0,0.043478260869565216,0.0,0.021739130434782608,0.0,0.0,0.0,0.021739130434782608,0.0,0.021739130434782608,0.0,0.043478260869565216,0.0,0.0,0.0,0.0,0.0,0.0,0.0,0.0,0.0
1.498-1.498.txt,8,3,2.6666666666666665,0.0,,0.0,0.0,0.0,0.25,0.0,0.0,0.0,0.0,0.0,0.125,0.0,0.0,0.0,0.0,0.0,0.0,0.0,0.0,0.0,0.0,0.125,0.0,0.0
1.504-1.524.txt,149,13,11.461538461538462,0.46153846153846156,3.857142857142857,0.0,0.0,0.0,0.087248322147651,0.0,0.013422818791946308,0.0,0.006711409395973154,0.006711409395973154,0.0,0.006711409395973154,0.0,0.0,0.06040268456375839,0.026845637583892617,0.0,0.0,0.0,0.0,0.0,0.0,0.0,0.0
1.589-1.597.txt,61,4,15.25,0.5,4.333333333333333,0.0,0.0,0.0,0.14754098360655737,0.0,0.0,0.01639344262295082,0.0,0.01639344262295082,0.0,0.0,0.0,0.0,0.0,0.01639344262295082,0.0,0.0,0.0,0.0,0.0,0.01639344262295082,0.01639344262295082,0.0
1.607-1.608.txt,14,1,14.0,0.0,,0.0,0.0,0.0,0.21428571428571427,0.0,0.0,0.0,0.0,0.0,0.0,0.0,0.0,0.0,0.07142857142857142,0.14285714285714285,0.0,0.0,0.0,0.0,0.0,0.0,0.0,0.0
1.735-1.737.txt,23,2,11.5,0.0,,0.0,0.0,0.0,0.043478260869565216,0.0,0.13043478260869565,0.0,0.0,0.0,0.0,0.0,0.0,0.0,0.043478260869565216,0.0,0.0,0.0,0.0,0.0,0.0,0.0,0.0,0.043478260869565216
10.141-10.142.txt,10,1,10.0,0.0,,0.1,0.0,0.0,0.3,0.0,0.0,0.0,0.0,0.0,0.0,0.0,0.0,0.0,0.1,0.0,0.0,0.0,0.0,0.0,0.0,0.0,0.0,0.0
10.148-10.739.txt,3946,268,14.682835820895523,0.21641791044776118,5.4,0.0005068423720223011,0.0,0.0,0.12620375063355296,0.0020273694880892043,0.0240750126710593,0.003294475418144957,0.003294475418144957,0.003294475418144957,0.005828687278256462,0.005828687278256462,0.0010136847440446021,0.0010136847440446021,0.01926001013684744,0.03345159655347187,0.0,0.0,0.0,0.0,0.0035478966041561076,0.007856056766345666,0.0012671059300557526,0.00481500253421186
10.17-10.39.txt,164,9,18.22222222222222,0.2222222222222222,5.666666666666667,0.0,0.0,0.0,0.0975609756097561,0.0,0.042682926829268296,0.0,0.0,0.0,0.0,0.0,0.0,0.006097560975609756,0.042682926829268296,0.054878048780487805,0.0,0.0,0.0,0.0,0.0,0.018292682926829267,0.006097560975609756,0.006097560975609756
10.196-10.208.txt,94,9,10.444444444444445,0.2222222222222222,8.0,0.0,0.0,0.0,0.1276595744680851,0.0,0.02127659574468085,0.0,0.010638297872340425,0.010638297872340425,0.010638297872340425,0.0,0.0,0.0,0.0851063829787234,0.02127659574468085,0.0,0.0,0.0,0.0,0.010638297872340425,0.031914893617021274,0.010638297872340425,0.0
10.230-10.234.txt,38,5,7.6,0.0,,0.0,0.0,0.0,0.18421052631578946,0.0,0.05263157894736842,0.0,0.0,0.0,0.07894736842105263,0.0,0.0,0.0,0.0,0.02631578947368421,0.0,0.0,0.0,0.0,0.0,0.02631578947368421,0.0,0.0
10.543-10.552.txt,68,5,13.6,0.6,3.0,0.0,0.0,0.0,0.1323529411764706,0.0,0.0,0.0,0.0,0.014705882352941176,0.0,0.0,0.0,0.0,0.029411764705882353,0.029411764705882353,0.0,0.0,0.0,0.0,0.0,0.0,0.0,0.0
10.553-10.557.txt,36,2,18.0,0.0,,0.0,0.0,0.0,0.2222222222222222,0.027777777777777776,0.027777777777777776,0.0,0.0,0.0,0.0,0.027777777777777776,0.0,0.0,0.05555555555555555,0.0,0.0,0.0,0.0,0.0,0.0,0.0,0.0,0.0
10.560-10.707.txt,983,84,11.654761904761905,0.17857142857142858,5.647058823529412,0.001017293997965412,0.0,0.0,0.10071210579857579,0.004069175991861648,0.0254323499491353,0.003051881993896236,0.007121057985757884,0.003051881993896236,0.01017293997965412,0.007121057985757884,0.0,0.001017293997965412,0.026449643947100712,0.03662258392675483,0.0,0.0,0.0,0.0,0.001017293997965412,0.007121057985757884,0.001017293997965412,0.003051881993896236
10.724-10.731.txt,51,5,10.0,0.0,,0.0,0.0,0.0,0.09803921568627451,0.0,0.0,0.0,0.0,0.0,0.0196078431372549,0.0,0.0,0.0,0.09803921568627451,0.0392156862745098,0.0,0.0,0.0,0.0,0.0,0.0,0.0,0.0
11.585-11.588.txt,22,1,22.0,0.0,,0.0,0.0,0.0,0.045454545454545456,0.0,0.0,0.0,0.0,0.0,0.0,0.0,0.0,0.0,0.0,0.045454545454545456,0.0,0.0,0.0,0.0,0.0,0.0,0.045454545454545456,0.0
12.169-12.175.txt,46,3,15.333333333333334,0.3333333333333333,5.0,0.0,0.0,0.0,0.043478260869565216,0.021739130434782608,0.043478260869565216,0.0,0.0,0.0,0.0,0.021739130434782608,0.0,0.0,0.0,0.021739130434782608,0.0,0.0,0.0,0.0,0.0,0.0,0.0,0.0
12.182-12.535.txt,2293,119,19.26890756302521,0.33613445378151263,6.363636363636363,0.0008722197993894462,0.0,0.0,0.11426079372001745,0.0004361098996947231,0.019188835586567816,0.0013083296990841692,0.0030527692978630614,0.0026166593981683385,0.0034888791975577847,0.0034888791975577847,0.0004361098996947231,0.0004361098996947231,0.01569995638901003,0.04971652856519843,0.0,0.0,0.0,0.0,0.0013083296990841692,0.002180549498473615,0.002180549498473615,0.005233318796336677
12.383-12.384.txt,14,1,14.0,0.0,,0.0,0.0,0.0,0.07142857142857142,0.0,0.07142857142857142,0.0,0.0,0.0,0.0,0.0,0.0,0.0,0.07142857142857142,0.0,0.0,0.0,0.0,0.0,0.0,0.0,0.0,0.0
12.542-12.576.txt,228,8,28.375,0.625,4.375,0.008771929824561403,0.0,0.0,0.12280701754385964,0.0,0.02631578947368421,0.0,0.013157894736842105,0.0,0.013157894736842105,0.0043859649122807015,0.0,0.0043859649122807015,0.021929824561403508,0.039473684210526314,0.0,0.0,0.0,0.0,0.0,0.0,0.0043859649122807015,0.0043859649122807015
12.601-12.603.txt,21,3,7.0,0.0,,0.0,0.0,0.0,0.09523809523809523,0.0,0.0,0.0,0.0,0.0,0.047619047619047616,0.0,0.0,0.0,0.047619047619047616,0.047619047619047616,0.0,0.0,0.0,0.0,0.0,0.0,0.0,0.0
13.128-13.381.txt,1708,103,16.563106796116504,0.33980582524271846,4.833333333333333,0.00117096018735363,0.0,0.0,0.12763466042154567,0.002927400468384075,0.027517564402810304,0.000585480093676815,0.00702576112412178,0.002927400468384075,0.014637002341920375,0.004098360655737705,0.001756440281030445,0.00117096018735363,0.05152224824355972,0.04039812646370024,0.0,0.0,0.000585480093676815,0.0,0.00468384074941452,0.01053864168618267,0.00117096018735363,0.00468384074941452
13.168-13.169.txt,13,2,6.5,0.0,,0.0,0.0,0.0,0.0,0.0,0.0,0.0,0.0,0.0,0.07692307692307693,0.0,0.0,0.0,0.15384615384615385,0.0,0.0,0.0,0.0,0.0,0.07692307692307693,0.0,0.0,0.0
13.387-13.390.txt,34,3,11.333333333333334,0.0,,0.0,0.0,0.0,0.11764705882352941,0.0,0.08823529411764706,0.0,0.029411764705882353,0.029411764705882353,0.029411764705882353,0.0,0.0,0.0,0.08823529411764706,0.029411764705882353,0.0,0.0,0.0,0.0,0.029411764705882353,0.029411764705882353,0.0,0.0
13.5-13.122.txt,801,48,16.6875,0.4166666666666667,5.2,0.0,0.0,0.0,0.11485642946317104,0.0024968789013732834,0.039950062421972535,0.0,0.012484394506866416,0.0012484394506866417,0.009987515605493134,0.0024968789013732834,0.009987515605493134,0.0,0.03620474406991261,0.03620474406991261,0.0,0.0,0.0,0.0,0.003745318352059925,0.009987515605493134,0.0012484394506866417,0.003745318352059925
13.740-13.745.txt,46,1,45.0,1.0,5.0,0.0,0.0,0.0,0.08695652173913043,0.0,0.021739130434782608,0.0,0.0,0.0,0.0,0.0,0.0,0.021739130434782608,0.043478260869565216,0.021739130434782608,0.0,0.0,0.0,0.0,0.0,0.021739130434782608,0.0,0.021739130434782608
13.750-13.897.txt,981,51,19.215686274509803,0.19607843137254902,4.785714285714286,0.0010193679918450561,0.0,0.0,0.1111111111111111,0.0,0.017329255861365953,0.0,0.004077471967380225,0.0010193679918450561,0.0030581039755351682,0.0050968399592252805,0.0020387359836901123,0.0010193679918450561,0.046890927624872576,0.03873598369011213,0.0,0.0,0.0,0.0,0.0050968399592252805,0.007135575942915392,0.0020387359836901123,0.0050968399592252805
13.789-13.869.txt,540,31,17.387096774193548,0.22580645161290322,5.428571428571429,0.001851851851851852,0.0,0.0,0.1,0.0,0.020370370370370372,0.0,0.001851851851851852,0.001851851851851852,0.005555555555555556,0.007407407407407408,0.001851851851851852,0.0,0.053703703703703705,0.037037037037037035,0.0,0.0,0.0,0.0,0.005555555555555556,0.009259259259259259,0.001851851851851852,0.005555555555555556
13.837-13.837.txt,6,1,6.0,0.0,,0.0,0.0,0.0,0.16666666666666666,0.0,0.16666666666666666,0.0,0.0,0.0,0.0,0.0,0.16666666666666666,0.0,0.0,0.0,0.0,0.0,0.0,0.0,0.0,0.0,0.0,0.0
13.917-13.965.txt,327,16,20.375,0.25,6.166666666666667,0.0030581039755351682,0.0,0.0,0.1345565749235474,0.0,0.027522935779816515,0.0061162079510703364,0.0061162079510703364,0.0030581039755351682,0.0061162079510703364,0.0,0.0030581039755351682,0.0,0.03363914373088685,0.04281345565749235,0.0,0.0,0.0,0.0,0.0,0.0030581039755351682,0.0030581039755351682,0.009174311926605505
13.942-13.942.txt,7,1,7.0,1.0,7.0,0.0,0.0,0.0,0.14285714285714285,0.0,0.14285714285714285,0.0,0.0,0.0,0.0,0.0,0.0,0.0,0.0,0.0,0.0,0.0,0.0,0.0,0.0,0.0,0.0,0.0
13.947-13.948.txt,13,2,6.5,0.0,,0.0,0.0,0.0,0.23076923076923078,0.0,0.0,0.0,0.07692307692307693,0.0,0.0,0.0,0.0,0.0,0.0,0.07692307692307693,0.0,0.0,0.0,0.0,0.0,0.0,0.0,0.0
14.12-14.24.txt,92,6,15.333333333333334,0.16666666666666666,4.0,0.0,0.0,0.0,0.11956521739130435,0.0,0.043478260869565216,0.0,0.010869565217391304,0.0,0.0,0.0,0.0,0.0,0.07608695652173914,0.043478260869565216,0.0,0.0,0.0,0.0,0.0,0.021739130434782608,0.0,0.0
14.135-14.136.txt,14,2,7.0,0.0,,0.0,0.0,0.0,0.0,0.0,0.0,0.0,0.0,0.0,0.0,0.0,0.0,0.0,0.14285714285714285,0.0,0.0,0.0,0.0,0.0,0.0,0.0,0.0,0.0
14.162-14.164.txt,19,3,6.333333333333333,0.3333333333333333,5.0,0.0,0.0,0.0,0.0,0.0,0.0,0.0,0.0,0.0,0.15789473684210525,0.0,0.0,0.0,0.0,0.05263157894736842,0.0,0.0,0.0,0.0,0.0,0.0,0.0,0.0
14.167-14.222.txt,384,12,31.916666666666668,0.4166666666666667,7.111111111111111,0.0,0.0,0.0,0.13020833333333334,0.005208333333333333,0.026041666666666668,0.0,0.0026041666666666665,0.0026041666666666665,0.005208333333333333,0.005208333333333333,0.0,0.0026041666666666665,0.036458333333333336,0.046875,0.0,0.0,0.0,0.0,0.0,0.013020833333333334,0.0026041666666666665,0.005208333333333333
14.192-14.197.txt,47,1,47.0,1.0,6.4,0.0,0.0,0.0,0.10638297872340426,0.0,0.0,0.0,0.0,0.0,0.0,0.0,0.0,0.02127659574468085,0.06382978723404255,0.06382978723404255,0.0,0.0,0.0,0.0,0.0,0.02127659574468085,0.0,0.0
14.233-14.440.txt,1349,59,22.864406779661017,0.3559322033898305,5.9655172413793105,0.0,0.0,0.0,0.12972572275759822,0.0,0.022979985174203115,0.002223869532987398,0.0029651593773165306,0.002223869532987398,0.0,0.005930318754633061,0.0,0.0014825796886582653,0.018532246108228317,0.040770941438102296,0.0,0.0,0.0007412898443291327,0.0,0.0029651593773165306,0.0029651593773165306,0.0014825796886582653,0.0029651593773165306
14.318-14.434.txt,762,30,25.4,0.4,5.9411764705882355,0.0,0.0,0.0,0.12467191601049869,0.0,0.015748031496062992,0.0026246719160104987,0.0013123359580052493,0.0026246719160104987,0.0,0.005249343832020997,0.0,0.0013123359580052493,0.011811023622047244,0.03937007874015748,0.0,0.0,0.0,0.0,0.005249343832020997,0.003937007874015748,0.0013123359580052493,0.005249343832020997
14.37-14.39.txt,20,1,20.0,1.0,5.0,0.0,0.0,0.0,0.05,0.0,0.0,0.0,0.0,0.0,0.0,0.0,0.0,0.0,0.05,0.1,0.0,0.0,0.0,0.0,0.0,0.0,0.0,0.0
14.586-14.591.txt,41,1,41.0,1.0,7.0,0.0,0.0,0.0,0.04878048780487805,0.0,0.0,0.024390243902439025,0.0,0.0,0.0,0.0,0.0,0.0,0.07317073170731707,0.04878048780487805,0.0,0.0,0.0,0.0,0.024390243902439025,0.0,0.024390243902439025,0.0
14.594-14.595.txt,16,1,16.0,1.0,2.0,0.0,0.0,0.0,0.0,0.0,0.0,0.0,0.0,0.0,0.0,0.0,0.0,0.0,0.0,0.0625,0.0,0.0,0.0,0.0,0.0,0.0,0.0,0.0
14.814-14.814.txt,8,1,8.0,0.0,,0.0,0.0,0.0,0.0,0.0,0.0,0.0,0.0,0.0,0.0,0.0,0.0,0.0,0.125,0.125,0.0,0.0,0.0,0.0,0.0,0.0,0.0,0.0
15.493-15.546.txt,337,16,21.0625,0.25,4.333333333333333,0.002967359050445104,0.0,0.0,0.13353115727002968,0.0,0.020771513353115726,0.0,0.011869436201780416,0.008902077151335312,0.005934718100890208,0.0,0.002967359050445104,0.0,0.020771513353115726,0.026706231454005934,0.0,0.0,0.0,0.0,0.0,0.005934718100890208,0.0,0.002967359050445104
15.75-15.478.txt,2645,120,22.041666666666668,0.425,5.25,0.004158790170132325,0.0,0.0,0.12173913043478261,0.002268431001890359,0.017391304347826087,0.0,0.005671077504725898,0.005293005671077505,0.007183364839319471,0.004536862003780718,0.0007561436672967864,0.0007561436672967864,0.00831758034026465,0.04234404536862004,0.0,0.0,0.0,0.0,0.002268431001890359,0.007561436672967864,0.0015122873345935729,0.002268431001890359
15.765-15.778.txt,88,5,17.6,0.6,7.5,0.0,0.0,0.0,0.09090909090909091,0.0,0.011363636363636364,0.0,0.0,0.0,0.03409090909090909,0.0,0.0,0.0,0.03409090909090909,0.011363636363636364,0.0,0.0,0.0,0.0,0.0,0.011363636363636364,0.0,0.0
15.807-15.842.txt,224,11,20.363636363636363,0.2727272727272727,8.75,0.0,0.0,0.0,0.11607142857142858,0.004464285714285714,0.044642857142857144,0.0,0.0,0.004464285714285714,0.008928571428571428,0.008928571428571428,0.0,0.0,0.017857142857142856,0.04017857142857143,0.0,0.0,0.0,0.0,0.0,0.004464285714285714,0.008928571428571428,0.008928571428571428
2.423-2.424.txt,15,1,15.0,0.0,,0.0,0.0,0.0,0.13333333333333333,0.0,0.06666666666666667,0.0,0.0,0.0,0.0,0.0,0.0,0.06666666666666667,0.0,0.0,0.0,0.0,0.0,0.0,0.0,0.06666666666666667,0.0,0.0
2.426-2.427.txt,16,2,8.0,0.0,,0.0,0.0,0.0,0.0625,0.0,0.0,0.0,0.0,0.0,0.0625,0.0,0.0,0.0625,0.0,0.125,0.0,0.0,0.0,0.0,0.0,0.0,0.0,0.0
2.471-2.475.txt,32,2,16.0,0.5,2.0,0.0,0.0,0.0,0.125,0.0,0.03125,0.0,0.0,0.0,0.0,0.0,0.0,0.0,0.09375,0.0,0.0,0.0,0.0,0.0,0.0,0.0,0.0,0.03125
2.512-2.530.txt,125,11,11.363636363636363,0.18181818181818182,5.0,0.0,0.0,0.0,0.08,0.008,0.008,0.0,0.008,0.008,0.024,0.0,0.0,0.008,0.032,0.048,0.0,0.0,0.0,0.0,0.0,0.016,0.008,0.0
2.837-2.842.txt,37,1,37.0,0.0,,0.0,0.0,0.0,0.02702702702702703,0.0,0.02702702702702703,0.0,0.0,0.0,0.0,0.0,0.0,0.0,0.0,0.05405405405405406,0.0,0.0,0.0,0.0,0.0,0.0,0.0,0.0
3.10-3.13.txt,28,2,14.0,0.5,6.0,0.0,0.0,0.0,0.10714285714285714,0.0,0.03571428571428571,0.0,0.0,0.0,0.0,0.0,0.0,0.0,0.03571428571428571,0.03571428571428571,0.0,0.0,0.0,0.0,0.0,0.0,0.0,0.0
3.262-3.272.txt,84,6,14.0,0.16666666666666666,9.0,0.0,0.0,0.0,0.15476190476190477,0.0,0.03571428571428571,0.0,0.0,0.0,0.0,0.0,0.0,0.0,0.03571428571428571,0.05952380952380952,0.0,0.0,0.0,0.0,0.0,0.03571428571428571,0.0,0.0
3.280-3.286.txt,48,4,12.0,0.0,,0.0,0.0,0.0,0.125,0.0,0.041666666666666664,0.0,0.0,0.0,0.0,0.0,0.0,0.0,0.020833333333333332,0.0625,0.0,0.0,0.0,0.0,0.0,0.020833333333333332,0.0,0.0
3.289-3.291.txt,19,2,9.5,0.0,,0.0,0.0,0.0,0.15789473684210525,0.0,0.05263157894736842,0.0,0.0,0.0,0.0,0.0,0.0,0.0,0.0,0.0,0.0,0.0,0.0,0.0,0.0,0.0,0.0,0.0
3.320-3.321.txt,14,2,7.0,0.5,6.0,0.0,0.0,0.0,0.0,0.0,0.14285714285714285,0.0,0.0,0.0,0.0,0.0,0.0,0.0,0.0,0.0,0.0,0.0,0.0,0.0,0.0,0.0,0.0,0.0
3.366-3.367.txt,13,2,6.5,0.0,,0.0,0.0,0.0,0.15384615384615385,0.0,0.07692307692307693,0.0,0.07692307692307693,0.0,0.0,0.0,0.0,0.0,0.0,0.07692307692307693,0.0,0.0,0.0,0.0,0.0,0.0,0.0,0.0
3.719-3.720.txt,12,1,12.0,0.0,,0.0,0.0,0.0,0.08333333333333333,0.0,0.08333333333333333,0.0,0.0,0.0,0.0,0.0,0.0,0.0,0.0,0.0,0.0,0.0,0.0,0.0,0.0,0.0,0.0,0.0
4.276-4.388.txt,752,37,20.324324324324323,0.21621621621621623,5.181818181818182,0.0,0.0,0.0,0.12898936170212766,0.0026595744680851063,0.03324468085106383,0.0,0.0013297872340425532,0.0013297872340425532,0.0013297872340425532,0.0,0.003989361702127659,0.0013297872340425532,0.0199468085106383,0.034574468085106384,0.0,0.0,0.0,0.0,0.005319148936170213,0.006648936170212766,0.005319148936170213,0.007978723404255319
4.31-4.31.txt,5,1,5.0,0.0,,0.0,0.0,0.0,0.2,0.0,0.0,0.0,0.0,0.0,0.0,0.0,0.0,0.0,0.0,0.0,0.0,0.0,0.0,0.0,0.0,0.0,0.0,0.0
4.422-4.431.txt,71,4,17.75,0.0,,0.0,0.0,0.0,0.15492957746478872,0.0,0.028169014084507043,0.0,0.014084507042253521,0.0,0.056338028169014086,0.014084507042253521,0.0,0.0,0.028169014084507043,0.056338028169014086,0.0,0.0,0.0,0.0,0.014084507042253521,0.014084507042253521,0.0,0.0
4.466-4.469.txt,26,2,13.0,0.0,,0.0,0.0,0.0,0.11538461538461539,0.0,0.038461538461538464,0.0,0.0,0.0,0.038461538461538464,0.0,0.0,0.0,0.038461538461538464,0.038461538461538464,0.0,0.0,0.0,0.0,0.0,0.0,0.0,0.0
4.532-4.538.txt,52,2,26.0,0.5,4.0,0.0,0.0,0.0,0.09615384615384616,0.0,0.019230769230769232,0.0,0.0,0.0,0.0,0.0,0.0,0.019230769230769232,0.057692307692307696,0.057692307692307696,0.0,0.0,0.0,0.0,0.0,0.019230769230769232,0.0,0.0
4.549-4.550.txt,15,2,7.5,0.0,,0.0,0.0,0.0,0.06666666666666667,0.0,0.0,0.0,0.0,0.0,0.0,0.06666666666666667,0.0,0.0,0.06666666666666667,0.0,0.0,0.0,0.0,0.0,0.0,0.0,0.0,0.0
5.269-5.293.txt,159,9,17.666666666666668,0.2222222222222222,5.0,0.0,0.0,0.0,0.1509433962264151,0.0,0.006289308176100629,0.0,0.0,0.006289308176100629,0.0,0.006289308176100629,0.0,0.006289308176100629,0.0440251572327044,0.031446540880503145,0.0,0.0,0.0,0.0,0.006289308176100629,0.006289308176100629,0.0,0.0
5.300-5.334.txt,223,14,15.928571428571429,0.07142857142857142,5.0,0.0,0.0,0.0,0.09865470852017937,0.0,0.013452914798206279,0.0,0.0,0.0,0.0,0.0,0.004484304932735426,0.0,0.026905829596412557,0.053811659192825115,0.0,0.0,0.0,0.0,0.008968609865470852,0.0,0.0,0.0
5.337-5.678.txt,2257,133,16.962406015037594,0.3007518796992481,5.888888888888889,0.0008861320336730173,0.0,0.00044306601683650863,0.12228622064687639,0.0017722640673460345,0.01905183872396987,0.003987594151528578,0.003544528134692069,0.0017722640673460345,0.004430660168365086,0.0017722640673460345,0.0,0.00044306601683650863,0.023925564909171467,0.04652193176783341,0.0,0.0,0.0,0.0,0.0017722640673460345,0.0057598582188746125,0.0017722640673460345,0.004873726185201595
5.341-5.661.txt,2133,126,16.92063492063492,0.30952380952380953,5.954545454545454,0.0009376465072667605,0.0,0.00046882325363338024,0.12236286919831224,0.0014064697609001407,0.01969057665260197,0.003750586029067042,0.0032817627754336614,0.001875293014533521,0.0046882325363338025,0.001875293014533521,0.0,0.00046882325363338024,0.02390998593530239,0.04688232536333802,0.0,0.0,0.0,0.0,0.001875293014533521,0.006094702297233943,0.001875293014533521,0.005157055789967183
5.365-5.379.txt,103,11,9.363636363636363,0.2727272727272727,4.25,0.0,0.0,0.0,0.11650485436893204,0.0,0.02912621359223301,0.0,0.0,0.009708737864077669,0.02912621359223301,0.019417475728155338,0.0,0.0,0.04854368932038835,0.02912621359223301,0.0,0.0,0.0,0.0,0.0,0.009708737864077669,0.009708737864077669,0.0
5.489-5.508.txt,136,6,22.666666666666668,0.16666666666666666,2.0,0.0,0.0,0.0,0.1323529411764706,0.0,0.04411764705882353,0.007352941176470588,0.0,0.0,0.0,0.0,0.0,0.007352941176470588,0.04411764705882353,0.029411764705882353,0.0,0.0,0.0,0.0,0.0,0.0,0.007352941176470588,0.0
5.523-5.532.txt,79,5,15.6,0.0,,0.0,0.0,0.0,0.12658227848101267,0.012658227848101266,0.0379746835443038,0.0,0.0,0.0,0.012658227848101266,0.0,0.0,0.0,0.0759493670886076,0.0,0.0,0.0,0.0,0.0,0.0,0.05063291139240506,0.0,0.012658227848101266
5.577-5.641.txt,442,29,15.241379310344827,0.3793103448275862,6.461538461538462,0.0022624434389140274,0.0,0.0,0.11764705882352941,0.0,0.013574660633484163,0.0022624434389140274,0.0,0.0,0.00904977375565611,0.0,0.0,0.0,0.04524886877828054,0.05203619909502263,0.0,0.0,0.0,0.0,0.0022624434389140274,0.004524886877828055,0.0,0.006787330316742082
5.618-5.620.txt,19,1,19.0,1.0,9.0,0.0,0.0,0.0,0.05263157894736842,0.0,0.0,0.0,0.0,0.0,0.0,0.0,0.0,0.0,0.0,0.0,0.0,0.0,0.0,0.0,0.0,0.0,0.0,0.0
5.665-5.668.txt,27,1,27.0,1.0,3.0,0.0,0.0,0.0,0.14814814814814814,0.037037037037037035,0.0,0.0,0.0,0.0,0.0,0.0,0.0,0.0,0.07407407407407407,0.037037037037037035,0.0,0.0,0.0,0.0,0.0,0.0,0.0,0.0
6.215-6.215.txt,8,2,4.0,0.0,,0.0,0.0,0.0,0.0,0.0,0.0,0.0,0.0,0.0,0.0,0.0,0.0,0.0,0.0,0.0,0.0,0.0,0.0,0.0,0.0,0.0,0.0,0.0
6.317-6.381.txt,431,29,14.862068965517242,0.1724137931034483,4.833333333333333,0.0,0.0,0.0,0.0951276102088167,0.002320185614849188,0.027842227378190254,0.002320185614849188,0.0,0.0,0.004640371229698376,0.0069605568445475635,0.002320185614849188,0.002320185614849188,0.013921113689095127,0.04408352668213457,0.0,0.0,0.0,0.0,0.0,0.002320185614849188,0.0,0.004640371229698376
6.327-6.327.txt,7,1,7.0,0.0,,0.0,0.0,0.0,0.14285714285714285,0.0,0.0,0.0,0.0,0.0,0.0,0.0,0.0,0.0,0.14285714285714285,0.0,0.0,0.0,0.0,0.0,0.0,0.0,0.0,0.0
6.328-6.328.txt,8,1,8.0,0.0,,0.0,0.0,0.0,0.125,0.0,0.0,0.0,0.0,0.0,0.0,0.0,0.0,0.0,0.125,0.0,0.0,0.0,0.0,0.0,0.0,0.0,0.0,0.0
6.331-6.381.txt,340,23,14.782608695652174,0.13043478260869565,5.5,0.0,0.0,0.0,0.09705882352941177,0.0029411764705882353,0.03235294117647059,0.0,0.0,0.0,0.0058823529411764705,0.0058823529411764705,0.0029411764705882353,0.0029411764705882353,0.008823529411764706,0.052941176470588235,0.0,0.0,0.0,0.0,0.0,0.0029411764705882353,0.0,0.0058823529411764705
7.11-7.71.txt,435,36,12.0,0.2222222222222222,4.5,0.006896551724137931,0.0,0.0,0.13793103448275862,0.0,0.034482758620689655,0.0022988505747126436,0.006896551724137931,0.0022988505747126436,0.03218390804597701,0.0,0.0022988505747126436,0.0,0.03908045977011494,0.03908045977011494,0.0,0.0,0.0022988505747126436,0.0,0.004597701149425287,0.016091954022988506,0.0,0.006896551724137931
7.171-7.178.txt,57,5,11.4,0.4,3.5,0.0,0.0,0.0,0.10526315789473684,0.0,0.03508771929824561,0.0,0.0,0.0,0.03508771929824561,0.0,0.017543859649122806,0.0,0.03508771929824561,0.0,0.0,0.0,0.0,0.0,0.0,0.0,0.0,0.0
7.192-7.219.txt,176,8,22.0,0.375,6.666666666666667,0.0,0.0,0.0,0.17045454545454544,0.0,0.0,0.0,0.0,0.0,0.0,0.0,0.0,0.0,0.03409090909090909,0.03409090909090909,0.0,0.0,0.0,0.0,0.005681818181818182,0.0,0.005681818181818182,0.0
7.309-7.311.txt,23,1,23.0,1.0,8.0,0.0,0.0,0.0,0.0,0.0,0.043478260869565216,0.0,0.0,0.0,0.0,0.0,0.0,0.0,0.043478260869565216,0.043478260869565216,0.0,0.0,0.0,0.0,0.0,0.0,0.0,0.0
7.332-7.338.txt,44,4,11.0,0.0,,0.0,0.0,0.0,0.1590909090909091,0.0,0.0,0.0,0.0,0.0,0.022727272727272728,0.0,0.0,0.0,0.0,0.022727272727272728,0.0,0.0,0.0,0.0,0.0,0.022727272727272728,0.0,0.022727272727272728
7.433-7.450.txt,112,6,18.666666666666668,0.3333333333333333,11.0,0.0,0.0,0.0,0.05357142857142857,0.0,0.008928571428571428,0.0,0.0,0.0,0.0,0.0,0.0,0.0,0.03571428571428571,0.05357142857142857,0.0,0.0,0.0,0.0,0.0,0.008928571428571428,0.008928571428571428,0.0
7.484-7.486.txt,21,1,21.0,0.0,,0.0,0.0,0.0,0.14285714285714285,0.0,0.14285714285714285,0.0,0.047619047619047616,0.0,0.0,0.0,0.0,0.0,0.047619047619047616,0.0,0.0,0.0,0.0,0.0,0.0,0.0,0.0,0.0
7.507-7.511.txt,37,2,18.5,0.5,4.0,0.0,0.0,0.0,0.13513513513513514,0.0,0.05405405405405406,0.0,0.0,0.02702702702702703,0.0,0.0,0.02702702702702703,0.0,0.02702702702702703,0.0,0.0,0.0,0.0,0.0,0.0,0.0,0.0,0.0
7.512-7.516.txt,36,4,9.0,0.25,7.0,0.0,0.0,0.0,0.0,0.027777777777777776,0.0,0.0,0.0,0.0,0.0,0.0,0.0,0.0,0.027777777777777776,0.0,0.0,0.0,0.0,0.0,0.0,0.0,0.0,0.0
7.518-7.659.txt,924,58,15.931034482758621,0.20689655172413793,5.3076923076923075,0.0010822510822510823,0.0,0.0010822510822510823,0.1406926406926407,0.0021645021645021645,0.016233766233766232,0.007575757575757576,0.003246753246753247,0.0010822510822510823,0.003246753246753247,0.004329004329004329,0.0010822510822510823,0.0010822510822510823,0.023809523809523808,0.048701298701298704,0.0010822510822510823,0.0,0.0,0.0,0.0021645021645021645,0.0021645021645021645,0.0010822510822510823,0.0021645021645021645
7.615-7.618.txt,31,2,15.5,0.0,,0.0,0.0,0.0,0.12903225806451613,0.0,0.0,0.0,0.0,0.0,0.0,0.0,0.0,0.03225806451612903,0.16129032258064516,0.03225806451612903,0.0,0.0,0.0,0.0,0.0,0.03225806451612903,0.0,0.0
7.620-7.621.txt,14,2,7.0,0.5,3.0,0.0,0.0,0.0,0.07142857142857142,0.0,0.07142857142857142,0.0,0.0,0.0,0.0,0.0,0.07142857142857142,0.0,0.07142857142857142,0.0,0.0,0.0,0.0,0.0,0.0,0.0,0.0,0.0
7.627-7.628.txt,15,1,15.0,0.0,,0.0,0.0,0.0,0.13333333333333333,0.0,0.0,0.06666666666666667,0.0,0.0,0.0,0.0,0.0,0.0,0.13333333333333333,0.0,0.0,0.0,0.0,0.0,0.0,0.0,0.0,0.0
7.690-7.793.txt,682,59,11.559322033898304,0.15254237288135594,4.818181818181818,0.0,0.0,0.0,0.093841642228739,0.0,0.03372434017595308,0.005865102639296188,0.008797653958944282,0.004398826979472141,0.004398826979472141,0.010263929618768328,0.001466275659824047,0.0,0.03519061583577713,0.024926686217008796,0.0,0.0,0.002932551319648094,0.0,0.004398826979472141,0.007331378299120235,0.0,0.002932551319648094
7.741-7.742.txt,14,3,4.666666666666667,0.0,,0.0,0.0,0.0,0.0,0.0,0.0,0.0,0.0,0.0,0.0,0.0,0.0,0.0,0.07142857142857142,0.0,0.0,0.0,0.0,0.0,0.0,0.0,0.0,0.0
7.796-7.862.txt,456,25,18.24,0.24,3.8333333333333335,0.0,0.0,0.0,0.1206140350877193,0.0,0.017543859649122806,0.0021929824561403508,0.0,0.0021929824561403508,0.0021929824561403508,0.0043859649122807015,0.0021929824561403508,0.0021929824561403508,0.05701754385964912,0.043859649122807015,0.0,0.0,0.0,0.0,0.008771929824561403,0.0043859649122807015,0.0021929824561403508,0.008771929824561403
7.817-7.820.txt,30,1,30.0,0.0,,0.0,0.0,0.0,0.13333333333333333,0.0,0.03333333333333333,0.0,0.0,0.0,0.0,0.0,0.03333333333333333,0.0,0.16666666666666666,0.03333333333333333,0.0,0.0,0.0,0.0,0.0,0.0,0.0,0.06666666666666667
8.108-8.142.txt,248,28,8.821428571428571,0.2857142857142857,4.5,0.0,0.0,0.0,0.10483870967741936,0.0,0.020161290322580645,0.0,0.0,0.004032258064516129,0.036290322580645164,0.0,0.0,0.008064516129032258,0.07258064516129033,0.024193548387096774,0.0,0.0,0.0,0.0,0.0,0.004032258064516129,0.0,0.004032258064516129
8.44-8.80.txt,261,22,11.772727272727273,0.18181818181818182,3.5,0.0,0.0,0.0,0.09195402298850575,0.0038314176245210726,0.02681992337164751,0.0,0.0,0.007662835249042145,0.011494252873563218,0.0038314176245210726,0.0,0.0038314176245210726,0.06513409961685823,0.034482758620689655,0.0,0.0,0.0,0.0,0.007662835249042145,0.011494252873563218,0.0,0.0038314176245210726
8.550-8.559.txt,66,5,13.2,0.0,,0.0,0.0,0.0,0.09090909090909091,0.0,0.030303030303030304,0.030303030303030304,0.0,0.0,0.0,0.0,0.0,0.0,0.015151515151515152,0.015151515151515152,0.0,0.0,0.0,0.0,0.0,0.0,0.0,0.0
8.577-8.610.txt,225,18,12.5,0.2777777777777778,6.5,0.0,0.0,0.0,0.09777777777777778,0.0,0.03111111111111111,0.008888888888888889,0.0,0.0,0.0,0.013333333333333334,0.0,0.0044444444444444444,0.02666666666666667,0.04,0.0,0.0,0.0,0.0,0.0,0.013333333333333334,0.0,0.0044444444444444444
8.595-8.602.txt,54,4,13.5,0.5,4.333333333333333,0.0,0.0,0.0,0.14814814814814814,0.0,0.037037037037037035,0.0,0.0,0.0,0.0,0.0,0.0,0.018518518518518517,0.037037037037037035,0.018518518518518517,0.0,0.0,0.0,0.0,0.0,0.05555555555555555,0.0,0.0
8.618-8.724.txt,669,43,15.55813953488372,0.11627906976744186,5.4,0.0,0.0,0.0,0.13452914798206278,0.0014947683109118087,0.028400597907324365,0.004484304932735426,0.007473841554559043,0.005979073243647235,0.0,0.0029895366218236174,0.0,0.0014947683109118087,0.005979073243647235,0.0343796711509716,0.0,0.0,0.0,0.0,0.0014947683109118087,0.0014947683109118087,0.0,0.0
8.689-8.693.txt,29,2,14.5,0.0,,0.0,0.0,0.0,0.13793103448275862,0.0,0.06896551724137931,0.0,0.0,0.0,0.0,0.034482758620689655,0.0,0.0,0.034482758620689655,0.034482758620689655,0.0,0.0,0.0,0.0,0.0,0.0,0.0,0.0
8.704-8.705.txt,10,1,10.0,0.0,,0.0,0.0,0.0,0.3,0.0,0.0,0.0,0.0,0.0,0.0,0.0,0.0,0.0,0.0,0.0,0.0,0.0,0.0,0.0,0.0,0.0,0.0,0.0
8.724-8.724.txt,9,1,9.0,0.0,,0.0,0.0,0.0,0.1111111111111111,0.0,0.1111111111111111,0.0,0.0,0.0,0.0,0.0,0.0,0.0,0.1111111111111111,0.0,0.0,0.0,0.0,0.0,0.0,0.0,0.0,0.0
8.728-8.884.txt,1047,52,20.134615384615383,0.2692307692307692,6.238095238095238,0.0,0.0,0.0,0.11556829035339064,0.0,0.033428844317096466,0.0009551098376313276,0.0038204393505253103,0.0,0.0009551098376313276,0.0038204393505253103,0.0009551098376313276,0.0028653295128939827,0.017191977077363897,0.050620821394460364,0.0,0.0,0.0,0.0,0.004775549188156638,0.0019102196752626551,0.0019102196752626551,0.007640878701050621
8.90-8.94.txt,35,5,7.0,0.0,,0.0,0.0,0.0,0.2,0.0,0.0,0.0,0.0,0.0,0.0,0.0,0.0,0.0,0.14285714285714285,0.0,0.0,0.0,0.0,0.0,0.0,0.05714285714285714,0.0,0.0
9.16-9.26.txt,81,6,13.5,0.3333333333333333,7.5,0.0,0.0,0.0,0.1111111111111111,0.0,0.012345679012345678,0.0,0.0,0.012345679012345678,0.0,0.0,0.0,0.0,0.07407407407407407,0.04938271604938271,0.0,0.0,0.0,0.0,0.0,0.0,0.0,0.0
9.243-9.258.txt,108,6,18.0,0.3333333333333333,5.0,0.0,0.0,0.0,0.1574074074074074,0.0,0.027777777777777776,0.0,0.0,0.009259259259259259,0.0,0.018518518518518517,0.009259259259259259,0.009259259259259259,0.027777777777777776,0.009259259259259259,0.0,0.0,0.0,0.0,0.0,0.009259259259259259,0.0,0.0
9.4-9.88.txt,562,36,15.583333333333334,0.2222222222222222,7.0,0.0035587188612099642,0.0,0.0,0.1103202846975089,0.0017793594306049821,0.01601423487544484,0.0035587188612099642,0.005338078291814947,0.0017793594306049821,0.005338078291814947,0.0,0.0,0.0,0.037366548042704624,0.042704626334519574,0.0,0.0,0.0017793594306049821,0.0,0.0035587188612099642,0.0,0.0017793594306049821,0.0035587188612099642
9.474-9.519.txt,321,35,9.17142857142857,0.22857142857142856,3.875,0.0,0.0,0.0,0.102803738317757,0.0,0.037383177570093455,0.003115264797507788,0.0,0.0,0.028037383177570093,0.006230529595015576,0.003115264797507788,0.003115264797507788,0.04984423676012461,0.021806853582554516,0.0,0.0,0.0,0.0,0.006230529595015576,0.021806853582554516,0.0,0.006230529595015576
9.530-9.563.txt,239,12,19.916666666666668,0.3333333333333333,4.6,0.0,0.0,0.0,0.13807531380753138,0.0,0.008368200836820083,0.0,0.008368200836820083,0.0,0.0041841004184100415,0.0041841004184100415,0.0,0.0,0.0502092050209205,0.02092050209205021,0.0,0.0,0.0,0.0,0.0,0.016736401673640166,0.0041841004184100415,0.0041841004184100415
9.569-9.570.txt,14,1,14.0,0.0,,0.0,0.0,0.0,0.14285714285714285,0.0,0.07142857142857142,0.0,0.0,0.0,0.0,0.0,0.0,0.0,0.0,0.07142857142857142,0.0,0.0,0.0,0.0,0.0,0.0,0.07142857142857142,0.0
9.585-9.629.txt,304,23,13.217391304347826,0.30434782608695654,5.428571428571429,0.0,0.0,0.0,0.15460526315789475,0.0,0.02631578947368421,0.003289473684210526,0.01644736842105263,0.003289473684210526,0.013157894736842105,0.006578947368421052,0.003289473684210526,0.0,0.019736842105263157,0.019736842105263157,0.0,0.003289473684210526,0.0,0.0,0.0,0.013157894736842105,0.0,0.006578947368421052
9.9-9.12.txt,25,2,12.0,0.5,7.0,0.0,0.0,0.0,0.04,0.0,0.0,0.0,0.0,0.0,0.0,0.0,0.0,0.0,0.04,0.0,0.0,0.0,0.0,0.0,0.0,0.0,0.0,0.04
