Text,Locus,Speaker,Addressee
Ovid Metamorphoses,  14.167-14.222,Achaemenides,Macareus (of Neritos)
Ovid Metamorphoses,  8.550-8.559,Acheloüs,Theseus
Ovid Metamorphoses,  8.577-8.610,Acheloüs,Theseus
Ovid Metamorphoses,  8.595-8.602,Acheloüs,Neptune
Ovid Metamorphoses,  9.4-9.88,Acheloüs,Theseus
Ovid Metamorphoses,  9.9-9.12,Acheloüs,Oeneus
Ovid Metamorphoses,  9.9-9.12,Acheloüs,Oeneus
Ovid Metamorphoses,  8.728-8.884,Acheloüs,Theseus
Ovid Metamorphoses,  9.16-9.26,Acheloüs,Oeneus
Ovid Metamorphoses,  8.728-8.884,Acheloüs,Theseus
Ovid Metamorphoses,  9.16-9.26,Acheloüs,Oeneus
Ovid Metamorphoses,  7.518-7.659,Aeacus,Cephalus
Ovid Metamorphoses,  7.620-7.621,Aeacus,Jupiter
Ovid Metamorphoses,  7.627-7.628,Aeacus,Jupiter
Ovid Metamorphoses,  7.507-7.511,Aeacus,Cephalus
Ovid Metamorphoses,  7.615-7.618,Aeacus,Jupiter
Ovid Metamorphoses,  7.484-7.486,Aeacus,Minos
Ovid Metamorphoses,  13.5-13.122,Aias (son of Telamon),Achaeans
Ovid Metamorphoses,  13.387-13.390,Aias (son of Telamon),Aias (son of Telamon)
Ovid Metamorphoses,  4.276-4.388,Alcithoë,daughters of Minyas
Ovid Metamorphoses,  10.196-10.208,Apollo,Hyacinthus
Ovid Metamorphoses,  14.135-14.136,Apollo,Deiphobe
Ovid Metamorphoses,  10.141-10.142,Apollo,Cyparissus
Ovid Metamorphoses,  1.504-1.524,Apollo,Daphne
Ovid Metamorphoses,  1.498-1.498,Apollo,Apollo
Ovid Metamorphoses,  3.10-3.13,Apollo,Cadmus
Ovid Metamorphoses,  1.456-1.462,Apollo,Cupid
Ovid Metamorphoses,  12.601-12.603,Apollo,Paris
Ovid Metamorphoses,  6.215-6.215,Apollo,Latona
Ovid Metamorphoses,  3.10-3.13,Apollo,Cupid
Ovid Metamorphoses,  1.456-1.462,Apollo,Cupid
Ovid Metamorphoses,  5.577-5.641,Arethusa,Ceres
Ovid Metamorphoses,  5.489-5.508,Arethusa,Ceres
Ovid Metamorphoses,  5.618-5.620,Arethusa,Diana
Ovid Metamorphoses,  9.569-9.570,Byblis,servant of Byblis
Ovid Metamorphoses,  9.530-9.563,Byblis,Caunus
Ovid Metamorphoses,  9.530-9.563,Byblis,Caunus
Ovid Metamorphoses,  9.474-9.519,Byblis,Byblis
Ovid Metamorphoses,  9.585-9.629,Byblis,Byblis
Ovid Metamorphoses,  5.341-5.661,Calliope,Muses nymphs Pierides
Ovid Metamorphoses,  7.796-7.862,Cephalus,Phocus
Ovid Metamorphoses,  7.741-7.742,Cephalus,Procris
Ovid Metamorphoses,  7.690-7.793,Cephalus,Phocus
Ovid Metamorphoses,  7.512-7.516,Cephalus,Aeacus
Ovid Metamorphoses,  7.817-7.820,Cephalus,aura
Ovid Metamorphoses,  13.750-13.897,Galatea,Polyphemus Scylla (monster) Venus
Ovid Metamorphoses,  13.740-13.745,Galatea,Scylla (monster)
Ovid Metamorphoses,  14.12-14.24,Glaucus (sea god),Circe
Ovid Metamorphoses,  13.942-13.942,Glaucus (sea god),Glaucus (sea god)
Ovid Metamorphoses,  14.37-14.39,Glaucus (sea god),Circe
Ovid Metamorphoses,  13.917-13.965,Glaucus (sea god),Scylla (monster)
Ovid Metamorphoses,  13.947-13.948,Glaucus (sea god),Terra
Ovid Metamorphoses,  15.493-15.546,Hippolytus,Egeria
Ovid Metamorphoses,  4.466-4.469,Juno,Furies
Ovid Metamorphoses,  1.607-1.608,Juno,Juno
Ovid Metamorphoses,  4.549-4.550,Juno,companions of Ino
Ovid Metamorphoses,  3.262-3.272,Juno,Juno
Ovid Metamorphoses,  4.422-4.431,Juno,Juno
Ovid Metamorphoses,  2.512-2.530,Juno,"Oceanus, Tethys"
Ovid Metamorphoses,  2.471-2.475,Juno,Callisto
Ovid Metamorphoses,  3.366-3.367,Juno,Echo
Ovid Metamorphoses,  11.585-11.588,Juno,Iris
Ovid Metamorphoses,  3.280-3.286,Juno-Beroe,Semele
Ovid Metamorphoses,  2.837-2.842,Jupiter,Mercury
Ovid Metamorphoses,  1.209-1.243,Jupiter,gods
Ovid Metamorphoses,  2.423-2.424,Jupiter,Jupiter
Ovid Metamorphoses,  1.182-1.198,Jupiter,gods
Ovid Metamorphoses,  3.320-3.321,Jupiter,Juno
Ovid Metamorphoses,  5.523-5.532,Jupiter,Ceres
Ovid Metamorphoses,  5.523-5.532,Jupiter,Ceres
Ovid Metamorphoses,  14.594-14.595,Jupiter,Venus
Ovid Metamorphoses,  8.704-8.705,Jupiter,"Baucis, Philemon"
Ovid Metamorphoses,  9.243-9.258,Jupiter,gods
Ovid Metamorphoses,  14.814-14.814,Jupiter,"council of gods, Mars"
Ovid Metamorphoses,  15.807-15.842,Jupiter,Venus
Ovid Metamorphoses,  1.735-1.737,Jupiter,Juno
Ovid Metamorphoses,  3.719-3.720,Jupiter,Io
Ovid Metamorphoses,  1.589-1.597,Jupiter,Io
Ovid Metamorphoses,  3.289-3.291,Jupiter,Semele
Ovid Metamorphoses,  8.689-8.693,Jupiter Mercury,Baucis Philemon
Ovid Metamorphoses,  2.426-2.427,Jupiter-Diana,Callisto
Ovid Metamorphoses,  8.618-8.724,Lelex,Pirithoüs
Ovid Metamorphoses,  8.724-8.724,Lelex,Lelex
Ovid Metamorphoses,  6.327-6.327,Lycian guide,old altar
Ovid Metamorphoses,  6.331-6.381,Lycian guide,Theban
Ovid Metamorphoses,  14.162-14.164,Macareus (of Neritos),Achaemenides
Ovid Metamorphoses,  14.233-14.440,Macareus (of Neritos),Achaemenides
Ovid Metamorphoses,  7.11-7.71,Medea,Medea
Ovid Metamorphoses,  7.171-7.178,Medea,Jason
Ovid Metamorphoses,  7.332-7.338,Medea,daughters of Pelias
Ovid Metamorphoses,  7.192-7.219,Medea,"Hecate, Luna, Nox, personified elements, Tellus"
Ovid Metamorphoses,  7.309-7.311,Medea,daughters of Pelias
Ovid Metamorphoses,  5.337-5.678,Muse,Minerva
Ovid Metamorphoses,  5.665-5.668,Muse,Pierides
Ovid Metamorphoses,  5.665-5.668,Muse,Pierides
Ovid Metamorphoses,  5.300-5.334,Muse,Minerva
Ovid Metamorphoses,  5.269-5.293,Muse,Minerva
Ovid Metamorphoses,  12.182-12.535,Nestor,Achilles Greeks
Ovid Metamorphoses,  12.383-12.384,Nestor,Dorylas
Ovid Metamorphoses,  12.542-12.576,Nestor,Tlepolemus
Ovid Metamorphoses,  12.169-12.175,Nestor,Achilles Greeks
Ovid Metamorphoses,  13.128-13.381,Odysseus,Achaeans Achilles Aias (son of Telamon) Pelasgians
Ovid Metamorphoses,  13.168-13.169,Odysseus,Achilles as girl
Ovid Metamorphoses,  10.17-10.39,Orpheus,Dis Persephone
Ovid Metamorphoses,  10.148-10.739,Orpheus,animals birds Calliope Hyacinthus
Ovid Metamorphoses,  13.837-13.837,Polyphemus,Polyphemus
Ovid Metamorphoses,  14.192-14.197,Polyphemus,Greeks
Ovid Metamorphoses,  13.789-13.869,Polyphemus,Galatea
Ovid Metamorphoses,  15.75-15.478,Pythagoras,people
Ovid Metamorphoses,  8.90-8.94,Scylla (daughter of Nisus),Minos
Ovid Metamorphoses,  8.44-8.80,Scylla (daughter of Nisus),Scylla (daughter of Nisus)
Ovid Metamorphoses,  8.108-8.142,Scylla (daughter of Nisus),"Minos, Nisus (king)"
Ovid Metamorphoses,  14.318-14.434,servant of Circe,Macareus
Ovid Metamorphoses,  6.328-6.328,Theban,old altar
Ovid Metamorphoses,  6.317-6.381,Theban,Thebans
Ovid Metamorphoses,  4.31-4.31,Theban women,Bacchus
Ovid Metamorphoses,  7.433-7.450,Thebans,Theseus
Ovid Metamorphoses,  10.560-10.707,Venus,Adonis
Ovid Metamorphoses,  4.532-4.538,Venus,Neptune
Ovid Metamorphoses,  10.553-10.557,Venus,Adonis
Ovid Metamorphoses,  10.724-10.731,Venus,Fates Persephone
Ovid Metamorphoses,  10.553-10.557,Venus,Adonis
Ovid Metamorphoses,  10.724-10.731,Venus,Fates Persephone
Ovid Metamorphoses,  15.765-15.778,Venus,gods
Ovid Metamorphoses,  14.586-14.591,Venus,Jupiter
Ovid Metamorphoses,  10.543-10.552,Venus,Adonis
Ovid Metamorphoses,  5.365-5.379,Venus,Cupid
Ovid Metamorphoses,  5.365-5.379,Venus,Cupid
Ovid Metamorphoses,  10.230-10.234,Venus,Venus